"","0","1","2","3","4","5","6","7","8","9","10","11","12","13","14","15","16","17","18","19","20","21","22","23","24","25"
"1916",91.8296,70.7952,54.5818,42.0815,32.4441,25.0138,19.2852,14.8685,11.4633,8.83802,6.81395,5.25343,4.0503,3.1227,2.40755,1.85617,1.43108,1.10333,0.850649,0.655835,0.505637,0.389836,0.300557,0.231724,0.178655,0.601433
"1917",91.8282,70.7989,54.5806,42.0789,32.4407,25.0105,19.2825,14.8664,11.4617,8.83672,6.81294,5.25265,4.0497,3.12224,2.40719,1.8559,1.43086,1.10317,0.850523,0.655737,0.505561,0.389778,0.300512,0.231689,0.178628,0.601344
"1918",91.8268,70.7978,54.5834,42.0779,32.4386,25.0079,19.28,14.8643,11.46,8.83542,6.81194,5.25187,4.0491,3.12178,2.40683,1.85562,1.43065,1.103,0.850396,0.655639,0.505486,0.38972,0.300467,0.231655,0.178601,0.601254
"1919",91.8256,70.7968,54.5826,42.0801,32.4379,25.0063,19.2779,14.8623,11.4584,8.83415,6.81094,5.2511,4.0485,3.12131,2.40647,1.85535,1.43044,1.10284,0.850269,0.655542,0.505411,0.389662,0.300422,0.23162,0.178575,0.601164
"1920",91.8245,70.7958,54.5818,42.0795,32.4396,25.0058,19.2767,14.8608,11.4569,8.83291,6.80995,5.25033,4.0479,3.12085,2.40612,1.85507,1.43022,1.10268,0.850143,0.655444,0.505335,0.389604,0.300377,0.231585,0.178548,0.601075
"1921",91.8236,70.795,54.5811,42.0789,32.4391,25.0071,19.2763,14.8598,11.4557,8.83176,6.809,5.24957,4.0473,3.12039,2.40576,1.85479,1.43001,1.10251,0.850016,0.655346,0.50526,0.389546,0.300333,0.231551,0.178521,0.600985
"1922",91.8229,70.7943,54.5804,42.0783,32.4386,25.0067,19.2773,14.8595,11.455,8.83083,6.80812,5.24883,4.04672,3.11993,2.4054,1.85452,1.4298,1.10235,0.84989,0.655249,0.505185,0.389488,0.300288,0.231516,0.178495,0.600895
"1923",91.8223,70.7938,54.5799,42.0778,32.4382,25.0063,19.277,14.8603,11.4547,8.83027,6.8074,5.24815,4.04615,3.11948,2.40505,1.85425,1.42959,1.10218,0.849763,0.655151,0.505109,0.38943,0.300243,0.231482,0.178468,0.600806
"1924",91.8217,70.7933,54.5795,42.0774,32.4378,25.006,19.2767,14.8601,11.4553,8.83007,6.80696,5.2476,4.04563,3.11904,2.4047,1.85397,1.42938,1.10202,0.849637,0.655054,0.505034,0.389372,0.300198,0.231447,0.178442,0.600716
"1925",91.8213,70.7929,54.5791,42.0771,32.4375,25.0057,19.2765,14.8598,11.4551,8.83053,6.80681,5.24726,4.0452,3.11864,2.40437,1.85371,1.42917,1.10186,0.849511,0.654957,0.504959,0.389314,0.300154,0.231413,0.178415,0.600627
"1926",91.8209,70.7925,54.5788,42.0768,32.4372,25.0055,19.2762,14.8596,11.455,8.8304,6.80717,5.24715,4.04494,3.11831,2.40405,1.85345,1.42896,1.1017,0.849386,0.65486,0.504884,0.389256,0.300109,0.231378,0.178388,0.600537
"1927",91.8206,70.7922,54.5785,42.0765,32.437,25.0053,19.276,14.8595,11.4548,8.83027,6.80706,5.24742,4.04485,3.11811,2.4038,1.8532,1.42876,1.10154,0.849261,0.654763,0.504809,0.389198,0.300064,0.231344,0.178362,0.600448
"1928",91.8204,70.792,54.5783,42.0763,32.4368,25.0051,19.2759,14.8593,11.4547,8.83015,6.80697,5.24734,4.04506,3.11804,2.40365,1.85301,1.42857,1.10138,0.849138,0.654667,0.504735,0.389141,0.30002,0.23131,0.178335,0.600358
"1929",91.818,70.7918,54.578,42.0743,32.4322,25.0001,19.2716,14.8559,11.452,8.82804,6.80532,5.24607,4.04408,3.11749,2.40304,1.85247,1.4281,1.10099,0.848824,0.654422,0.504545,0.388994,0.299907,0.231222,0.178268,0.600131
"1930",91.8123,70.79,54.5763,42.0693,32.4227,24.9885,19.261,14.8472,11.4451,8.82266,6.80114,5.24283,4.04157,3.11556,2.40171,1.8513,1.42714,1.1002,0.848199,0.653933,0.504166,0.388701,0.29968,0.231048,0.178133,0.599678
"1931",91.8038,70.7856,54.5736,42.0637,32.4116,24.9739,19.2459,14.834,11.4345,8.81437,6.79469,5.23783,4.0377,3.11257,2.3994,1.84965,1.42576,1.09909,0.847306,0.653229,0.503617,0.388276,0.299352,0.230795,0.177938,0.59902
"1932",91.7926,70.7791,54.5689,42.0571,32.3995,24.9573,19.2277,14.8169,11.4202,8.80292,6.78574,5.23088,4.03232,3.10841,2.39619,1.84717,1.42394,1.09761,0.846128,0.652293,0.502884,0.387707,0.298912,0.230454,0.177676,0.598136
"1933",91.7788,70.7704,54.5621,42.0484,32.3862,24.9397,19.208,14.7975,11.4027,8.78851,6.77434,5.22199,4.02543,3.10308,2.39207,1.84399,1.42149,1.09579,0.844663,0.651136,0.501971,0.386993,0.298359,0.230027,0.177346,0.597024
"1934",91.7617,70.7597,54.548,42.0339,32.368,24.9186,19.1855,14.7752,11.3821,8.77075,6.75992,5.21064,4.01661,3.09624,2.38679,1.83991,1.41834,1.09336,0.842846,0.649687,0.500833,0.386099,0.297662,0.229488,0.176929,0.595619
"1935",91.7443,70.7466,54.5448,42.0236,32.3533,24.9,19.1652,14.7546,11.3624,8.75297,6.74472,5.19836,4.00696,3.08875,2.38099,1.83542,1.41487,1.09069,0.840784,0.648141,0.499603,0.385135,0.296907,0.228899,0.176474,0.594082
"1936",91.7229,70.7331,54.5205,42.0066,32.3298,24.8747,19.1395,14.73,11.3396,8.7324,6.72688,5.18346,3.99503,3.07941,2.37375,1.82982,1.41055,1.08735,0.838207,0.646153,0.498104,0.383951,0.295981,0.228176,0.175912,0.59218
"1937",91.6944,70.7167,54.5173,41.9819,32.2981,24.8359,19.1021,14.6959,11.3095,8.70613,6.70432,5.16453,3.97956,3.06715,2.36418,1.82241,1.40482,1.08293,0.834794,0.64352,0.496073,0.382411,0.294772,0.227234,0.175178,0.589689
"1938",91.6824,70.6947,54.5107,41.9973,32.3089,24.8418,19.0979,14.6875,11.2991,8.69528,6.69363,5.15453,3.97067,3.05962,2.35812,1.81766,1.40113,1.08007,0.832585,0.641814,0.494757,0.381395,0.294009,0.226629,0.174704,0.588052
"1939",91.6241,70.6854,54.4748,41.9291,32.2138,24.7412,19.0105,14.6111,11.2356,8.64315,6.65118,5.12,3.94269,3.03714,2.34027,1.8037,1.3903,1.0717,0.826126,0.63683,0.490913,0.378431,0.291723,0.224882,0.173344,0.583418
"1940",91.6177,70.6405,54.4859,41.9624,32.2647,24.7733,19.022,14.6146,11.232,8.63705,6.64409,5.1128,3.93576,3.03076,2.33465,1.79897,1.3865,1.06872,0.823814,0.635042,0.48953,0.377363,0.290899,0.224246,0.172866,0.581722
"1941",91.615,70.6356,54.4469,41.9691,32.2906,24.8135,19.0477,14.6243,11.2354,8.63479,6.63979,5.10766,3.93047,3.02561,2.32989,1.79476,1.38295,1.06587,0.821575,0.633303,0.488185,0.376324,0.290096,0.223627,0.172388,0.580085
"1942",91.5844,70.6335,54.4298,41.8993,32.2297,24.7665,19.0222,14.5993,11.208,8.61043,6.61728,5.08835,3.91418,3.01204,2.31862,1.78546,1.37537,1.05979,0.8168,0.629593,0.485315,0.374108,0.288386,0.222307,0.17137,0.576637
"1943",91.5573,70.6099,54.4341,41.8906,32.1794,24.7222,18.988,14.5811,11.1899,8.59025,6.59923,5.07158,3.89975,2.99985,2.30844,1.77699,1.36837,1.05408,0.812219,0.625993,0.482518,0.371944,0.286715,0.221018,0.170375,0.57327
"1944",91.5331,70.589,54.4167,41.8944,32.1729,24.6836,18.9541,14.5549,11.176,8.5764,6.58378,5.05775,3.8869,2.98879,2.2991,1.76919,1.36189,1.04872,0.807846,0.622483,0.47976,0.369801,0.285057,0.219737,0.169387,0.569927
"1945",91.5115,70.5704,54.3976,41.8785,32.1738,24.6771,18.9233,14.528,11.1552,8.56519,6.57273,5.04557,3.87606,2.97875,2.29047,1.76191,1.35582,1.04368,0.803685,0.619091,0.477039,0.367663,0.283396,0.218452,0.168395,0.566571
"1946",91.4934,70.5537,54.3861,41.866,32.1632,24.6789,18.9191,14.505,11.135,8.5496,6.56443,5.03733,3.86689,2.97057,2.28288,1.75538,1.3503,1.03908,0.799858,0.61593,0.47446,0.365593,0.281769,0.217189,0.167418,0.563263
"1947",91.4781,70.5397,54.3732,41.8571,32.1534,24.6706,18.9204,14.5017,11.1174,8.53408,6.55243,5.03093,3.86055,2.96352,2.27659,1.74955,1.34529,1.03484,0.796324,0.612991,0.472033,0.363614,0.280181,0.215941,0.166448,0.559975
"1948",91.3449,70.5279,54.3152,41.694,31.8886,24.4015,18.6939,14.3281,10.9791,8.41583,6.45988,4.95969,3.80794,2.92203,2.24305,1.72311,1.32419,1.01821,0.783243,0.602714,0.463955,0.357267,0.275208,0.21206,0.163439,0.549805
"1949",91.1939,70.4252,54.2963,41.6174,31.7108,24.1465,18.4447,14.1207,10.8198,8.2897,6.35383,4.87691,3.74424,2.87469,2.20587,1.69329,1.30078,0.999633,0.768646,0.591266,0.454985,0.350236,0.269698,0.207752,0.160082,0.538419
"1950",90.9887,70.3088,54.1924,41.5207,31.5147,23.8735,18.1365,13.8413,10.5924,8.11482,6.21663,4.76462,3.65698,2.80757,2.15552,1.65401,1.26965,0.975333,0.74953,0.576333,0.443332,0.341148,0.262606,0.202219,0.155772,0.523733
"1951",90.8496,70.1506,54.067,41.4679,31.5266,23.8192,18.0107,13.6729,10.4316,7.9819,6.11443,4.68396,3.58983,2.75525,2.11526,1.62398,1.24613,0.956556,0.734813,0.564692,0.434205,0.334002,0.257017,0.197845,0.152349,0.511931
"1952",90.7572,70.0434,54.0059,41.4338,31.5514,23.8853,18.0153,13.6131,10.3315,7.88128,6.03006,4.61906,3.53834,2.71178,2.0813,1.59785,1.22674,0.941307,0.722563,0.555062,0.426555,0.327988,0.252297,0.194144,0.149447,0.50178
"1953",90.6064,69.9721,53.8896,41.293,31.3731,23.7523,17.9396,13.5187,10.2114,7.74836,5.91018,4.52169,3.46352,2.65311,2.0333,1.56056,1.19805,0.919791,0.705777,0.541765,0.416174,0.319822,0.245918,0.189166,0.145565,0.488273
"1954",90.3277,69.8558,53.7901,41.0388,30.9855,23.3362,17.6059,13.2793,10.001,7.55218,5.72974,4.37008,3.34324,2.56076,1.96154,1.50327,1.15374,0.885731,0.680005,0.521781,0.400525,0.307676,0.236442,0.181805,0.139849,0.46859
"1955",89.4432,69.641,53.4903,40.2712,29.6589,21.9283,16.3771,12.3154,9.27604,6.98141,5.27012,3.99757,3.04857,2.33206,1.78615,1.36813,1.04847,0.804673,0.61774,0.474254,0.363901,0.279333,0.214577,0.164897,0.126792,0.424327
"1956",88.5486,68.959,53.3122,40.0071,29.0415,20.9298,15.341,11.4189,8.57463,6.45404,4.85574,3.66474,2.77947,2.11947,1.62123,1.24167,0.951052,0.728825,0.559345,0.429398,0.329657,0.252948,0.194163,0.149151,0.114618,0.383076
"1957",87.1667,68.2693,52.6852,39.4303,28.0489,19.7226,14.0356,10.2378,7.60465,5.70481,4.29173,3.22795,2.43576,1.84715,1.40842,1.07727,0.825031,0.631909,0.484244,0.371632,0.285291,0.21902,0.168054,0.128998,0.0990923,0.330654
"1958",86.2654,67.2039,52.1771,39.2507,28.1649,19.539,13.6031,9.6436,7.02277,5.21251,3.9087,2.93982,2.21082,1.6681,1.26491,0.964431,0.737651,0.564917,0.432675,0.331562,0.254454,0.195335,0.14996,0.115063,0.0883221,0.294235
"1959",85.997,66.509,51.5459,39.3147,28.7204,20.2518,13.9526,9.68792,6.86026,4.99316,3.70502,2.77782,2.08906,1.57092,1.18523,0.89873,0.68522,0.524086,0.401357,0.3074,0.235561,0.180778,0.138776,0.106539,0.0817465,0.271785
"1960",86.6341,66.3021,51.2133,39.5142,29.9165,21.7589,15.3164,10.5452,7.31993,5.18272,3.77192,2.79872,2.09828,1.57798,1.18659,0.895252,0.678843,0.517569,0.395858,0.303156,0.232187,0.177925,0.136546,0.104821,0.0804712,0.267031
"1961",87.3862,66.7933,51.0884,39.3813,30.2829,22.8815,16.629,11.7017,8.05552,5.59138,3.95873,2.88105,2.13768,1.60267,1.20526,0.906312,0.683788,0.518495,0.395315,0.302353,0.231548,0.177342,0.135897,0.104292,0.0800611,0.265418
"1962",88.0264,67.3731,51.4616,39.2707,30.1565,23.1369,17.4663,12.6891,8.92797,6.14561,4.26554,3.01997,2.19782,1.63072,1.22258,0.919419,0.691368,0.521617,0.395526,0.301559,0.230644,0.176632,0.135282,0.103667,0.0795573,0.263542
"1963",88.3109,67.8667,51.8456,39.329,29.673,22.6325,17.3178,13.0599,9.48372,6.67128,4.5917,3.1868,2.25614,1.6419,1.21822,0.913311,0.686831,0.516468,0.389658,0.295464,0.225269,0.172294,0.131946,0.101057,0.0774401,0.256298
"1964",88.1476,68.0861,52.1259,39.2723,29.1181,21.672,16.4411,12.5541,9.45909,6.86604,4.82882,3.32315,2.3062,1.63262,1.18809,0.881497,0.660855,0.496972,0.373698,0.281941,0.213785,0.162994,0.124663,0.0954692,0.0731195,0.241474
"1965",88.1048,67.9602,52.3182,39.6108,29.3009,21.4888,15.9246,12.0608,9.20286,6.9317,5.0306,3.53761,2.4344,1.68936,1.19591,0.870271,0.645682,0.48406,0.364017,0.273721,0.206511,0.156589,0.119386,0.0913105,0.0699269,0.230425
"1966",87.77,67.9271,52.2176,39.5724,29.1268,21.1852,15.4348,11.4095,8.63202,6.58328,4.95729,3.59716,2.52935,1.74046,1.20775,0.854952,0.622141,0.461579,0.346036,0.26022,0.19567,0.147624,0.111937,0.0853422,0.0652725,0.214703
"1967",86.905,67.6691,52.0803,39.0464,28.2899,20.2705,14.5896,10.587,7.81278,5.90616,4.50249,3.38962,2.45925,1.72906,1.1897,0.825526,0.58436,0.425223,0.315476,0.236503,0.177848,0.13373,0.100893,0.0765021,0.0583262,0.191345
"1968",86.7485,67.0021,51.9749,39.4136,28.8063,20.5558,14.641,10.5137,7.62186,5.62205,4.24902,3.23874,2.43802,1.76874,1.24353,0.855604,0.593686,0.420243,0.305797,0.226871,0.170077,0.127896,0.0961692,0.0725546,0.0550145,0.179543
"1969",86.9061,66.8815,51.5107,39.5402,29.4468,21.2908,15.1285,10.7578,7.71986,5.59467,4.12604,3.11806,2.37655,1.78892,1.29779,0.912408,0.627769,0.435592,0.308333,0.224362,0.166454,0.124784,0.093836,0.0705582,0.0532323,0.172091
"1970",118.532,67.003,51.4302,39.2203,29.5973,21.819,15.7127,11.1478,7.92204,5.68313,4.11796,3.03669,2.29471,1.74893,1.31646,0.955022,0.671416,0.461953,0.320535,0.226889,0.165098,0.122485,0.0918223,0.069049,0.05192,0.165803
"1971",111.591,91.3861,51.4791,39.0223,29.1235,21.697,15.9142,11.4382,8.10849,5.75994,4.13123,2.99312,2.20704,1.6677,1.27101,0.956692,0.694021,0.487917,0.335698,0.232928,0.164876,0.119973,0.0890073,0.066725,0.0501762,0.158213
"1972",110.374,86.0345,70.2114,38.8381,28.4585,20.8127,15.3836,11.2497,8.07554,5.72131,4.06292,2.91355,2.11066,1.55624,1.17587,0.896144,0.674514,0.489309,0.343994,0.236673,0.164217,0.116239,0.0845817,0.0627503,0.0470412,0.146914
"1973",109.373,85.0962,65.6114,50.5264,25.0806,17.2245,12.2836,8.99297,6.55006,4.69301,3.32158,2.35744,1.68995,1.22397,0.902322,0.681711,0.519497,0.390995,0.283626,0.199388,0.137178,0.0951804,0.0673712,0.0490222,0.0363687,0.11241
"1974",122.999,84.3247,65.3015,49.1094,36.0976,17.4258,11.8386,8.408,6.14499,4.47208,3.2028,2.2663,1.60823,1.15276,0.83485,0.615429,0.464946,0.354303,0.266658,0.19343,0.135979,0.0935523,0.0649103,0.045945,0.0334314,0.101462
"1975",91.7716,94.8302,64.6941,48.8723,35.0905,25.088,11.9813,8.10651,5.74754,4.19719,3.05325,2.18614,1.54668,1.09746,0.786595,0.569641,0.41991,0.317227,0.241732,0.181932,0.131969,0.0927719,0.0638259,0.0442847,0.0313456,0.092029
"1976",64.3013,70.7542,72.6095,47.7521,33.6869,23.2165,16.3365,7.75483,5.23361,3.70621,2.70479,1.9669,1.408,0.996006,0.706657,0.506456,0.36675,0.27034,0.204226,0.155621,0.117121,0.0849556,0.0597217,0.0410875,0.0285078,0.0794203
"1977",54.2968,49.5751,54.284,54.3856,34.1984,23.4866,16.0187,11.2272,5.32061,3.58798,2.53981,1.85311,1.34737,0.964421,0.68218,0.483979,0.346853,0.251168,0.185138,0.139859,0.106572,0.0802058,0.0581783,0.0408977,0.0281368,0.0739089
"1978",48.5997,41.8618,38.0959,41.1013,40.0568,24.7756,16.9063,11.5026,8.05371,3.81486,2.57192,1.8203,1.32803,0.965534,0.691082,0.488821,0.346792,0.248532,0.179968,0.132655,0.100211,0.0763599,0.0574681,0.0416851,0.0293034,0.0731159
"1979",78.3671,37.4694,32.0925,28.5842,29.6294,28.1933,17.2763,11.7474,7.98076,5.58392,2.644,1.78217,1.26119,0.92004,0.668871,0.478727,0.338607,0.240218,0.172151,0.124658,0.0918847,0.0694118,0.0528907,0.0398052,0.028873,0.0709398
"1980",73.371,60.4196,28.7655,24.2325,20.9281,21.2968,20.1198,12.2954,8.35099,5.67031,3.96624,1.87772,1.26554,0.895526,0.65326,0.474907,0.339894,0.240406,0.170549,0.122222,0.0885025,0.0652345,0.0492794,0.03755,0.0282598,0.0708621
"1981",35.4975,56.5677,45.1568,20.6246,16.1677,13.3758,13.3838,12.5626,7.65626,5.19336,3.52389,2.46391,1.1662,0.785867,0.556041,0.405585,0.294837,0.211008,0.149241,0.105872,0.0758711,0.0549383,0.0404942,0.0305898,0.0233087,0.0615281
"1982",34.5067,27.3679,43.2734,33.0069,13.7642,10.2168,8.27677,8.21648,7.68695,4.67754,3.17027,2.15015,1.50296,0.711241,0.479225,0.339046,0.24729,0.179757,0.128644,0.0909841,0.0645433,0.0462528,0.0334913,0.0246857,0.0186477,0.0517164
"1983",80.3158,26.604,20.8871,31.3632,21.6344,8.49436,6.16007,4.94671,4.89266,4.56944,2.778,1.88186,1.27591,0.891685,0.42191,0.284249,0.201089,0.146661,0.106605,0.0762897,0.0539551,0.0382746,0.0274278,0.01986,0.0146382,0.0417244
"1984",288.723,61.922,20.259,15.2137,21.1518,13.9355,5.37364,3.87006,3.09869,3.06059,2.85632,1.73578,1.17554,0.796893,0.556853,0.263459,0.177488,0.125557,0.0915696,0.0665584,0.0476304,0.0336856,0.0238956,0.0171236,0.0123988,0.0351873
"1985",44.3235,222.6,47.2734,14.5252,9.64572,12.4578,7.97737,3.04329,2.18194,1.74336,1.72002,1.60421,0.974498,0.659805,0.447202,0.312459,0.147818,0.0995763,0.0704378,0.0513691,0.0373372,0.0267186,0.0188958,0.013404,0.00960519,0.0266922
"1986",52.4915,34.1726,170.217,34.4803,9.66221,6.07184,7.67656,4.87628,1.854,1.32716,1.05951,1.04484,0.974201,0.59168,0.400558,0.271466,0.18966,0.0897204,0.060437,0.0427505,0.0311765,0.02266,0.0162154,0.0114677,0.00813465,0.022028
"1987",222.733,40.47,25.9344,119.352,20.839,5.34275,3.24348,4.04734,2.55685,0.96962,0.693145,0.552931,0.54501,0.508008,0.308473,0.208801,0.141493,0.0988469,0.0467577,0.0314953,0.0222776,0.0162459,0.0118077,0.0084494,0.00597542,0.0157164
"1988",53.4038,171.723,30.9097,18.7328,77.0552,12.5778,3.14226,1.88911,2.34775,1.48033,0.560818,0.40068,0.319516,0.314868,0.293446,0.178167,0.120589,0.0817124,0.0570816,0.0270005,0.0181867,0.0128637,0.00938071,0.00681795,0.00487876,0.0125249
"1989",44.3724,41.1734,130.892,22.634,12.7431,50.158,8.048,1.99752,1.19761,1.48644,0.936613,0.354694,0.253352,0.202001,0.199041,0.185486,0.112613,0.076217,0.0516437,0.0360758,0.0170641,0.0114937,0.0081296,0.00592835,0.00430873,0.0109984
"1990",53.8143,34.2103,31.4187,96.084,15.4566,8.33386,32.2561,5.14267,1.273,0.762263,0.945473,0.59552,0.22547,0.161026,0.128374,0.126484,0.117864,0.0715554,0.0484278,0.0328134,0.0229214,0.0108419,0.00730256,0.00516513,0.00376655,0.00972523
"1991",52.0925,41.4898,26.1468,23.2819,67.0484,10.4044,5.53232,21.3006,3.38855,0.837926,0.501471,0.621807,0.39158,0.148238,0.105859,0.0843893,0.0831435,0.0774746,0.0470338,0.0318313,0.0215677,0.0150657,0.00712606,0.00479974,0.00339486,0.0088676
"1992",50.525,40.1624,31.5015,19.2756,16.2165,45.1401,6.91321,3.65773,14.0537,2.23352,0.552024,0.330271,0.409452,0.25782,0.0975937,0.0696895,0.055553,0.0547313,0.0509985,0.03096,0.0209527,0.0141966,0.00991671,0.00469055,0.00315929,0.00807135
"1993",104.375,38.9538,30.6181,22.949,12.8926,10.3058,28.1234,4.2748,2.25464,8.64988,1.37363,0.339346,0.202973,0.251589,0.1584,0.0599546,0.0428096,0.0341242,0.0336183,0.0313246,0.0190161,0.0128692,0.00871953,0.00609076,0.00288088,0.00689764
"1994",110.488,80.4709,29.7686,22.6402,15.9414,8.62683,6.79662,18.4455,2.7973,1.47377,5.65087,0.897084,0.221575,0.132513,0.164239,0.103398,0.0391344,0.0279424,0.0222728,0.0219422,0.0204448,0.0124112,0.00839926,0.00569087,0.00397516,0.00638194
"1995",68.9894,85.1845,61.4417,22.1228,15.8468,10.2996,5.31116,4.16918,11.454,1.7602,0.937242,3.62187,0.578243,0.143413,0.0860289,0.106867,0.0673939,0.0255409,0.0182549,0.0145622,0.0143549,0.0133818,0.00812662,0.00550136,0.00372831,0.00678777
"1996",47.9368,53.1895,64.8528,45.1868,15.0265,9.33355,5.5305,2.84168,2.29415,6.49046,1.02086,0.552927,2.16325,0.348482,0.0870006,0.0524459,0.0653916,0.0413551,0.015707,0.0112454,0.00898259,0.00886397,0.00826994,0.00502556,0.00340387,0.00651179
"1997",59.2182,36.9584,40.7097,48.1741,31.0605,8.77699,4.8908,2.89056,1.53834,1.28788,3.74944,0.602258,0.331189,1.3101,0.212765,0.0534398,0.0323619,0.0404908,0.0256761,0.00977237,0.00700794,0.00560502,0.00553664,0.00516978,0.00314365,0.00620865
"1998",130.367,45.6561,28.2445,30.6087,34.6416,19.5162,5.01598,2.79483,1.70835,0.940867,0.80915,2.40255,0.391438,0.217489,0.866884,0.141582,0.0357128,0.0216973,0.0272156,0.0172917,0.00659131,0.00473243,0.00378865,0.00374527,0.00349921,0.00633602
"1999",42.9162,100.511,34.7936,21.0179,21.4534,20.5998,10.3523,2.65876,1.54143,0.981215,0.557901,0.491132,1.48308,0.244608,0.137136,0.550283,0.0903292,0.0228729,0.0139379,0.0175232,0.0111537,0.0042577,0.0030604,0.00245227,0.00242592,0.00637744
"2000",26.4468,33.0876,76.7179,25.5999,14.2058,12.2654,10.5437,5.28114,1.40451,0.844344,0.553083,0.321151,0.287044,0.87641,0.145726,0.0821951,0.33133,0.0545779,0.0138572,0.00846173,0.0106558,0.00679131,0.00259508,0.00186684,0.00149685,0.00537904
"2001",35.9167,20.39,25.2374,57.4673,17.8406,8.38923,6.1365,4.8303,2.36431,0.63473,0.389548,0.260878,0.154523,0.14044,0.434673,0.0730714,0.041577,0.168771,0.0279558,0.00712954,0.00436906,0.00551762,0.0035246,0.00134928,0.000972072,0.0035892
"2002",150.115,27.6911,15.5196,18.7376,39.9601,10.9786,4.59424,3.16036,2.44734,1.20518,0.328064,0.204366,0.138715,0.0830978,0.0762235,0.237674,0.0401919,0.0229772,0.0936227,0.0155547,0.00397647,0.00244153,0.00308815,0.00197513,0.000756872,0.00256293
"2003",51.2264,115.736,21.1041,11.4407,12.8915,25.4989,6.61343,2.68869,1.83432,1.42294,0.704435,0.192886,0.120804,0.08237,0.0495279,0.0455668,0.142424,0.0241307,0.0138164,0.0563646,0.00937372,0.00239821,0.00147341,0.00186457,0.00119303,0.00200661
"2004",37.6326,39.4946,88.421,15.6762,7.99382,8.44973,15.9383,4.03723,1.6302,1.11364,0.867523,0.431495,0.118659,0.0745866,0.0510081,0.0307441,0.0283396,0.0887141,0.0150492,0.00862503,0.0352139,0.00585991,0.00149998,0.000921929,0.00116706,0.00200368
"2005",89.4838,29.014,30.198,66.7589,11.4802,5.50403,5.48509,10.0102,2.50497,1.01005,0.691962,0.541216,0.270266,0.0745813,0.0470168,0.0322302,0.0194634,0.0179688,0.0563191,0.00956326,0.00548528,0.0224093,0.00373103,0.000955437,0.000587433,0.00202134
"2006",78.87,68.9903,21.9025,22.0714,46.7816,7.68463,3.55702,3.47774,6.2966,1.57208,0.633962,0.434733,0.34042,0.170181,0.0470072,0.0296574,0.0203436,0.0122917,0.0113527,0.0355947,0.00604584,0.00346854,0.0141728,0.00236003,0.000604424,0.00165068
"2007",61.3069,60.8073,52.8227,16.6298,16.484,33.9347,5.42623,2.47417,2.40537,4.35137,1.0876,0.439321,0.301761,0.236643,0.118448,0.0327504,0.0206795,0.0141944,0.00858088,0.00792872,0.0248677,0.00422499,0.00242443,0.0099082,0.00165013,0.00157713
"2008",64.8947,47.2665,46.6866,40.2327,12.4196,11.8798,23.6737,3.71514,1.68038,1.62967,2.94811,0.73752,0.298239,0.205072,0.160968,0.0806323,0.0223088,0.0140937,0.00967803,0.00585259,0.00540926,0.0169694,0.00288358,0.00165493,0.00676416,0.00220354
"2009",61.9706,50.0326,36.2448,35.5045,30.1626,9.08635,8.49712,16.7248,2.61358,1.18203,1.14807,2.08078,0.521471,0.211198,0.145407,0.114253,0.0572793,0.0158583,0.0100239,0.00688625,0.00416574,0.00385125,0.0120844,0.00205385,0.0011789,0.0063892
"2010",46.2589,47.7782,38.439,27.6466,26.6014,21.8613,6.38744,5.8693,11.4675,1.78834,0.808983,0.786547,1.42725,0.35809,0.145169,0.100027,0.078648,0.0394504,0.0109269,0.00690922,0.00474786,0.0028728,0.0026564,0.00833645,0.00141702,0.00522257
"2011",57.0897,35.6647,36.7711,29.5167,20.9872,19.6243,15.6768,4.50715,4.11636,8.0354,1.25463,0.568584,0.553823,1.00657,0.252884,0.102631,0.0707805,0.0556922,0.0279517,0.00774557,0.00489944,0.00336779,0.00203824,0.00188507,0.00591674,0.00471363
"2012",64.3455,44.0151,27.3931,28.0617,22.134,15.1869,13.7285,10.7582,3.06978,2.79946,5.47027,0.855648,0.388491,0.379036,0.689868,0.173518,0.0704873,0.0486489,0.0383016,0.0192328,0.00533162,0.00337357,0.00231952,0.0014041,0.00129879,0.00732579
"2013",55.581,49.6092,33.708,20.7645,20.851,15.8578,10.5152,9.32747,7.26032,2.07062,1.89191,3.70633,0.58117,0.264438,0.258464,0.471105,0.118633,0.0482372,0.0333174,0.0262469,0.0131861,0.00365679,0.00231455,0.00159178,0.000963763,0.00592196
"2014",72.9823,42.8519,38.0969,25.7083,15.5335,14.9755,10.9526,7.10381,6.24858,4.85734,1.38744,1.27072,2.4954,0.392126,0.17874,0.174959,0.319278,0.0804769,0.0327476,0.0226327,0.0178385,0.00896532,0.00248708,0.00157458,0.00108311,0.00468704
"2015",114.884,56.268,32.8563,29.0049,19.2379,11.2287,10.475,7.52061,4.84401,4.25657,3.31347,0.948431,0.87046,1.71252,0.26952,0.123009,0.120529,0.220131,0.0555226,0.0226051,0.0156296,0.012323,0.00619503,0.00171895,0.00108847,0.00398996
"2016",83.1955,88.5731,43.2278,25.1572,22.047,14.3919,8.26886,7.64797,5.47641,3.5286,3.10521,2.42126,0.694119,0.637893,1.25633,0.197896,0.0903827,0.08861,0.161907,0.0408517,0.0166368,0.0115056,0.00907318,0.00456195,0.00126596,0.00374089
"2017",79.8639,64.1422,67.9625,32.8738,18.8652,16.1956,10.3828,5.90647,5.44275,3.89527,2.51168,2.21275,1.72727,0.49565,0.455871,0.898436,0.141597,0.0646979,0.063451,0.115969,0.0292673,0.0119213,0.00824565,0.00650315,0.00327006,0.00358952
"2018",80.9065,61.5736,49.3744,52.2865,25.1996,14.2983,12.1298,7.72563,4.38619,4.04322,2.89709,1.87056,1.64997,1.28932,0.370295,0.340813,0.672051,0.105965,0.0484342,0.0475142,0.0868612,0.0219253,0.00893199,0.00617876,0.0048735,0.00514129
